id,title,price,price_per_sqm,rooms,area_total,area_living,area_kitchen,floor,floors_total,district,address,metro,year_built,house_type,deal_type,property_type,description,url,source,label,collected_at
cia_f8553e53,Центр набережная Дом Книги,,,,,,,,,,Санкт-Петербург,,,,sale,house,,https://spb.cian.ru/rent/flat/304796817/?context=3.HHCQlt4JKEM.gQx_xrUVGfEFJQ94hDOfx6-IZKRq8k9rbLhAx1w_ycD0JYP1OOADxGuFVG37g2zsGTN575g5oVIUDw&mlSearchSessionGuid=b0cd18b8b0158160d49f19e8cb095952,cian,sale_apartment,2026-03-15T10:53:11.940123
cia_b1a4c119,"Центр, Вид на воду , Версаль",,,,,,,,,,Санкт-Петербург,,,,sale,apartment,,https://spb.cian.ru/rent/flat/321490236/?context=3.oG9KMnSjrQM.q9aFydisc8J_XVJCp7Sx9ufcK1NT8Ao4I4HtYzkgEffH0c4VXatt7mqDMahqhzbXIEGc8XVAVofZRg&mlSearchSessionGuid=b0cd18b8b0158160d49f19e8cb095952,cian,sale_apartment,2026-03-15T10:53:11.942222
cia_b8d19c6b,"Студия 18м, без комиссии!",26000.0,,0.0,,,,,,,Санкт-Петербург,,,,sale,studio,,https://spb.cian.ru/rent/flat/322279462/?context=3.6QChOapJGwY.FzhWIb7T98CL3RdxHNwIkWmu9SeSn4WzWXAxw-qOb4xnksAJ6_hM5fuf30-AhuHdzeOu-jP-LINNyw&mlSearchSessionGuid=b0cd18b8b0158160d49f19e8cb095952,cian,sale_apartment,2026-03-15T10:53:11.943751
cia_a11a266c,Avenue от  CITI Apartments,,,,,,,,,,Санкт-Петербург,,,,sale,apartment,,https://spb.cian.ru/rent/flat/282583192/?context=3.4u9d2fRWkSM.Tqol0pjxLB9NxW5i7MXtOn9iWNBk2ecbPyOm6wBAirV_CmmZaCIlCCbWoseYrOhgVZqF4y07ViwzBw&mlSearchSessionGuid=b0cd18b8b0158160d49f19e8cb095952,cian,sale_apartment,2026-03-15T10:53:11.945842
cia_d5a6cc4b,Уютная студия в Центре СПб!,,,0.0,,,,,,,Санкт-Петербург,,,,sale,studio,,https://spb.cian.ru/rent/flat/277460983/?context=3.JtlchVn8b2g.LCLaStAQlE99VZLdi_LRvVQQnoEOWanAofHZZ0XHkJqvr6-BIKQa__ZT2Vra0o9KgHNflngxUBwSQw&mlSearchSessionGuid=b0cd18b8b0158160d49f19e8cb095952,cian,sale_apartment,2026-03-15T10:53:11.947908
cia_8aa32670,"1-комн. квартира, 32 м², 16/25 этаж",28000.0,,1.0,32.0,,,16.0,25.0,,Санкт-Петербург,,,,sale,apartment,,https://spb.cian.ru/rent/flat/327658524/?context=3._vlE9ori7g0.HDj70boic88x-i_k448vK_uUz5WiFZsMJIyT7DUZ-k7yusS5gNk_BTnWoCzvVibf2A7prGWJF1em8w&mlSearchSessionGuid=b0cd18b8b0158160d49f19e8cb095952,cian,sale_apartment,2026-03-15T10:53:11.948841
cia_1b85c4d4,Квартира центр Санкт-Петербурга,,,,,,,,,,Санкт-Петербург,,,,sale,apartment,,https://spb.cian.ru/rent/flat/315831975/?context=3.nuAV6G6ajDU.95oDhrOJc1zkjXPBJdoI8Jjc5g3c2Zvk7P7UnbjQzcO4kyQH4C4Y1j17d8ltNU44M-h9alBQ6XGRHA&mlSearchSessionGuid=b0cd18b8b0158160d49f19e8cb095952,cian,sale_apartment,2026-03-15T10:53:11.950916
cia_d1851cbd,Космическая  студия у метро,,,0.0,,,,,,,Санкт-Петербург,,,,sale,studio,,https://spb.cian.ru/rent/flat/311883623/?context=3.z26bAhNO3rE.2DPzjf6nIE6n95kD_GQSNANNNhPXiDSDqiDyRYWKuToqIQc9va4K7R968z-hl8fzQGSfwmyQcBaKlw&mlSearchSessionGuid=b0cd18b8b0158160d49f19e8cb095952,cian,sale_apartment,2026-03-15T10:53:11.953305
cia_2a863de8,Уютные апартаменты у метро,37000.0,,,,,,,,,Санкт-Петербург,,,,sale,apartment,,https://spb.cian.ru/rent/flat/318755010/?context=3.QT17uws_Gyk.VExIvj3PGQXYOFWvzQRzB0TOdn23-J40rJAO9D5eDBH2D0lpqEAIE8R8WWAAK2T2EYEnhAYc6JsouA&mlSearchSessionGuid=b0cd18b8b0158160d49f19e8cb095952,cian,sale_apartment,2026-03-15T10:53:11.955071
cia_43a751d9,Невский Гостиный двор семейная,,,,,,,,,,Санкт-Петербург,,,,sale,apartment,,https://spb.cian.ru/rent/flat/284254171/?context=3._lStz-rlHMU.yKPHo-8KGXwawTSdA3nWWXLE7DAww_nz45a4ZK3VCNDr9hW5xMlQsABt0lKZTkwmA2RtnVU_rzNkEw&mlSearchSessionGuid=b0cd18b8b0158160d49f19e8cb095952,cian,sale_apartment,2026-03-15T10:53:11.957328
cia_bbb55b91,Уютная квартира с видом на канал,,,,,,,,,,Санкт-Петербург,,,,sale,house,,https://spb.cian.ru/rent/flat/202782271/?context=3.cO4qrx6UJ-c.GD9CkTQLTJfEPQbnORamahHwo9iHlyBD7He6EA0UK6posfDJlvVxOS2ia6sE3_w4CKOhXg6JMF-G6w&mlSearchSessionGuid=b0cd18b8b0158160d49f19e8cb095952,cian,sale_apartment,2026-03-15T10:53:11.959478
cia_a58a70a4,Новая студия после ремонта,34900.0,,0.0,,,,,,,Санкт-Петербург,,,,sale,studio,,https://spb.cian.ru/rent/flat/317753100/?context=3.ntEckHxPwNA.sTknflzfH64n5mjl_LWMFSGOeGVmj12b2HQZ8XEBqmNWV_R3F1I5h0XbqsDv2T28D-cKD5zN--JQzg&mlSearchSessionGuid=b0cd18b8b0158160d49f19e8cb095952,cian,sale_apartment,2026-03-15T10:53:11.961022
cia_d4deff0c,За Московскими Вратами,,,,,,,,,,Санкт-Петербург,,,,sale,apartment,,https://spb.cian.ru/rent/flat/326768121/?context=3.T_XjdDonX-I.-qh73cuYZ4YVRyQPE1Ej4WEgn3VuwRkSIZln6caEtbL4_58Xs_lLee4tQmnc6-MRrAKZvXigJcTVXw&mlSearchSessionGuid=b0cd18b8b0158160d49f19e8cb095952,cian,sale_apartment,2026-03-15T10:53:11.963317
cia_51e1b31d,Новая красотка у вокзала метро,,,,,,,,,,Санкт-Петербург,,,,sale,apartment,,https://spb.cian.ru/rent/flat/293809261/?context=3.7xx0A1Cal6E.foM23XPC4S5lD32cpjYgXu1NC-nZJuqQqwsb2V3PGYeXV91zIAJldTMZOYTfMEVH-EXWyKbs7zlCWw&mlSearchSessionGuid=b0cd18b8b0158160d49f19e8cb095952,cian,sale_apartment,2026-03-15T10:53:11.965579
cia_59a44f68,Студия в Центре города,27000.0,,0.0,,,,,,,Санкт-Петербург,,,,sale,studio,,https://spb.cian.ru/rent/flat/325556962/?context=3.NwKXTkF-ai0.MThzexUtsQ06o9MwtaolmFtRluGEPCfn30N9eJ3cIuQ-d-LNBZoeRct1i5obQf1cebiT_4_vwSlLJw&mlSearchSessionGuid=b0cd18b8b0158160d49f19e8cb095952,cian,sale_apartment,2026-03-15T10:53:11.967078
cia_ca9d10da,Magic City Premium для семьи,,,,,,,,,,Санкт-Петербург,,,,sale,apartment,,https://spb.cian.ru/rent/flat/288956762/?context=3.KgOKmZaEgq0.i44K9Fc0uHRUtnXO3hU_tHrNHfvXTmV_-rw2Ler7K5WNrYHFu1ulT8PDJrksvS5EmXw13VxJoO5faw&mlSearchSessionGuid=b0cd18b8b0158160d49f19e8cb095952,cian,sale_apartment,2026-03-15T10:53:11.969106
cia_1fe4b8d1,Тихая квартира 160м2 на Мойке,,,,,,,,,,Санкт-Петербург,,,,sale,apartment,,https://spb.cian.ru/rent/flat/282017725/?context=3.d7Diwh3PG3s.kYfFTaR2nE6tCbC6v8B17IdvUt_Df4H5loDC6ZTo8Ysgh0Udbs8zP6NsfgUQVVqFgnso4lMHZMxuZA&mlSearchSessionGuid=b0cd18b8b0158160d49f19e8cb095952,cian,sale_apartment,2026-03-15T10:53:11.971150
cia_76f427cf,"На длительный срок, Свободна",26500.0,,,,,,,,,Санкт-Петербург,,,,sale,apartment,,https://spb.cian.ru/rent/flat/327395395/?context=3.LMFaRBtsXnk.PlH5KpFdjs2oyu8iDQQtKPONQr91oBKNszgenu6WiyJqWcNCrNuoxZs8Ob-6ZCslGENKgqcbGHpDGQ&mlSearchSessionGuid=b0cd18b8b0158160d49f19e8cb095952,cian,sale_apartment,2026-03-15T10:53:11.972571
cia_12fcbc57,Студия с парковкой в новом ЖК,,,0.0,,,,,,,Санкт-Петербург,,,,sale,studio,,https://spb.cian.ru/rent/flat/288979490/?context=3.mcY2NnlflX4.lfmGW4WLlstZwXUdAk3en3k_sOQgEUoaGYMTQpeeKu3Sj3UeSNAJlb0Uer7TipE-UiLa0OoYRQqtKA&mlSearchSessionGuid=b0cd18b8b0158160d49f19e8cb095952,cian,sale_apartment,2026-03-15T10:53:11.974787
cia_890efc49,Микро-студия 300м от Метро,26500.0,,0.0,,,,,,,Санкт-Петербург,,,,sale,studio,,https://spb.cian.ru/rent/flat/306706578/?context=3.P4KbVudKpqs.H1pmEWDFg4DgrKcTB0SXVsLvH2GJVJSvDK3J9tsGHlGAxagz9GYy3g4vl0pw66SzAlKXTxaLEGkP9g&mlSearchSessionGuid=b0cd18b8b0158160d49f19e8cb095952,cian,sale_apartment,2026-03-15T10:53:11.976415
cia_f939056e,Однокомнатная квартира у метро,28000.0,,,,,,,,,Санкт-Петербург,,,,sale,apartment,,https://spb.cian.ru/rent/flat/327008513/?context=3.EeeIj5bs8jQ.WFbrjP80KwE_Ohc9AG1-oe_dXxwjBkPkS-u_YObYnejexRRTWtMDiYzKPStgzo7VM9ft9Bu89uJ7hQ&mlSearchSessionGuid=b0cd18b8b0158160d49f19e8cb095952,cian,sale_apartment,2026-03-15T10:53:11.977508
cia_5045e514,Уютные апартаменты у метро,37000.0,,,,,,,,,Санкт-Петербург,,,,sale,apartment,,https://spb.cian.ru/rent/flat/316613948/?context=3.kmFr3b0HIzQ.gvd7eChYRk00rCiJXqyZk96kPM7t7uzA__9aYnbd1H8YL0d1Nvwh8IBSAIxw7j9xVlLIDWXy1dCVyA&mlSearchSessionGuid=b0cd18b8b0158160d49f19e8cb095952,cian,sale_apartment,2026-03-15T10:53:11.979031
cia_7049d3dd,Комфортные апартаменты у метро,45000.0,,,,,,,,,Санкт-Петербург,,,,sale,apartment,,https://spb.cian.ru/rent/flat/309657918/?context=3.Ic6vLj2yVv0.3G04eyb4eefmX8akEsTPq2pMfTdDkhEasZQsiMn3mcacuyW4GvMvBvu0yDQEjgAA_o-ukao3GufUuw&mlSearchSessionGuid=b0cd18b8b0158160d49f19e8cb095952,cian,sale_apartment,2026-03-15T10:53:11.980658
cia_bd7b911a,Центр на длит срок не до мая,20500.0,,,,,,,,,Санкт-Петербург,,,,sale,apartment,,https://spb.cian.ru/rent/flat/326049379/?context=3.CMhX1mzuhRM.6i-7F7FjL8IArFofsBEnNQhH6Py840lWVAE-M-hspPRuTMiFsAwZvTZq4j7pUdWB23bEKWWeAhtV1g&mlSearchSessionGuid=b0cd18b8b0158160d49f19e8cb095952,cian,sale_apartment,2026-03-15T10:53:11.982148
cia_7c27f00d,Уютные апартаменты у метро,50000.0,,,,,,,,,Санкт-Петербург,,,,sale,apartment,,https://spb.cian.ru/rent/flat/323789650/?context=3.DD9oArG8vbs.BBvliM2-0mInGs5vk14lu956sdSwdmZARhOI5gqrPPVgmJSsFUt0xMDH2rw_WcRKlHr6ePiYbgispw&mlSearchSessionGuid=b0cd18b8b0158160d49f19e8cb095952,cian,sale_apartment,2026-03-15T10:53:11.983711
cia_e4f98459,Уютные апартаменты у метро,45000.0,,,,,,,,,Санкт-Петербург,,,,sale,apartment,,https://spb.cian.ru/rent/flat/311769527/?context=3.16q1iJ6nHmg.vBiRBh7DV1ruz4JpLkBRafMkbyOgsSFcIlfhJ0B6GMH7_4hcnuQWtzALK7InUvm0Wa8dnHAH_SQz7Q&mlSearchSessionGuid=b0cd18b8b0158160d49f19e8cb095952,cian,sale_apartment,2026-03-15T10:53:11.985343
cia_6f1ae234,Сдается без залога на любой срок,28000.0,,,,,,,,,Санкт-Петербург,,,,sale,apartment,,https://spb.cian.ru/rent/flat/327339236/?context=3.OKBorSaMqdA.3MJ8_2VbHM2NECUpXft5bWyVfrMju7jfLZJPK_Z94id1B9H5KIKKTTloYWBofXCHNmBpMvYFJQT6cw&mlSearchSessionGuid=b0cd18b8b0158160d49f19e8cb095952,cian,sale_apartment,2026-03-15T10:53:11.986973
cia_80f2491e,Дизайнерская видовая студия,40000.0,,0.0,,,,,,,Санкт-Петербург,,,,sale,studio,,https://spb.cian.ru/rent/flat/327808126/?context=3.A56WqJ37uHs.enFAdfvIymVDmXCx0yRtstle9UNhBy_xCSTxfNEHRkqYdbE9UMNYMKul769P8h2boL2IBr2adelD7A&mlSearchSessionGuid=b0cd18b8b0158160d49f19e8cb095952,cian,sale_apartment,2026-03-15T10:53:11.988551
cia_ee14bdbf,Квартира с прямым видом на Залив!,,,,,,,,,,Санкт-Петербург,,,,sale,house,,https://spb.cian.ru/rent/flat/321563560/?context=3.eX0Q2RTSNV8.n-RFRo5J2_PbZJksHJ7Ux5-JJBm_AzbUvyyKkmJK40EiBdHO-oIoZ2Ex_cl2BExvgpqpest8j3V3uA&mlSearchSessionGuid=b0cd18b8b0158160d49f19e8cb095952,cian,sale_apartment,2026-03-15T10:53:20.756310
cia_73c717ca,"Студия, 26 м², 9/17 этаж",35000.0,,0.0,26.0,,,9.0,17.0,,Санкт-Петербург,,,,sale,studio,,https://spb.cian.ru/rent/flat/327652247/?context=3.c6jW_XFsIbs.LwKYsGYxi3exrQZlo7m9WZ-r9-uaAdlIAejssXKi9ldzLme5GV0JlyBWTN2ZJSFoPQgQb4UcWVr2Sw&mlSearchSessionGuid=b0cd18b8b0158160d49f19e8cb095952,cian,sale_apartment,2026-03-15T10:53:20.757849
cia_357a0059,"Центр Питера, балкон",,,,,,,,,,Санкт-Петербург,,,,sale,apartment,,https://spb.cian.ru/rent/flat/290250014/?context=3.OFU61og_CDU.RLqnbhZ5dVPLHaBOzcEygL05oZsA9ACOP1FgSk0Sr0OzGTkC0Gb0uQyMY1D1gk_XbnmwKZ7M9VMTxA&mlSearchSessionGuid=b0cd18b8b0158160d49f19e8cb095952,cian,sale_apartment,2026-03-15T10:53:20.760059
cia_c2fa12b4,Квартира в центре города.,,,,,,,,,,Санкт-Петербург,,,,sale,apartment,,https://spb.cian.ru/rent/flat/312709578/?context=3.BibZEJOce80.__P5cv05wj08zzNujX3O73kDjWvXT98ao077QvK6d-bPLw9Te6CJkWAp20nxNests4y2P5FIXDKqUA&mlSearchSessionGuid=b0cd18b8b0158160d49f19e8cb095952,cian,sale_apartment,2026-03-15T10:53:20.762124
cia_1cea0599,Уютная дизайнерская евродвушка,45000.0,,,,,,,,,Санкт-Петербург,,,,sale,apartment,,https://spb.cian.ru/rent/flat/327671417/?context=3.FMmBpw746jk.BmVNrwfCzHS1Ou52I8ezIHsynlx-2Sn-or_esV-HqrAbMAq48aolNvuWxqwYrheWhIXKZeeP6tFGGQ&mlSearchSessionGuid=b0cd18b8b0158160d49f19e8cb095952,cian,sale_apartment,2026-03-15T10:53:20.763077
cia_bee0d582,Яркая солнечная студия для 3-х,,,0.0,,,,,,,Санкт-Петербург,,,,sale,studio,,https://spb.cian.ru/rent/flat/309726510/?context=3.e9Z-HPf0iIw.5T3uv_j5-MPG50i9fCUYeZ1fRsDjkSGd5gNnfoC-VAgpAi0QN7Np9a3YpytLZOhtyDgwxF6YWa6ulQ&mlSearchSessionGuid=b0cd18b8b0158160d49f19e8cb095952,cian,sale_apartment,2026-03-15T10:53:20.765092
cia_f74e90f2,"Citi Apartments: 250м2, два этажа",,,,,,,,,,Санкт-Петербург,,,,sale,apartment,,https://spb.cian.ru/rent/flat/280736048/?context=3.kI_iKV6F93c._lJ64F0Gd6WPffRFCCLj8a88ynLb4saD8jRF6RJO6lWx1PiNFkNJISK1uF3hxa2iUxvvJDlkSQW5nA&mlSearchSessionGuid=b0cd18b8b0158160d49f19e8cb095952,cian,sale_apartment,2026-03-15T10:53:20.767135
cia_c8d6b5ca,Duplex Benua  от CITI Apartments,,,,,,,,,,Санкт-Петербург,,,,sale,apartment,,https://spb.cian.ru/rent/flat/289889982/?context=3.p3pbN0fM1u4.5hKGHE7xVrDqdMMUIOn9aY8St03jZTCYlcPS7H7hyIxRoGrGpEWNcT1K6Vvvl4rDYdYpkS9VELTXDA&mlSearchSessionGuid=b0cd18b8b0158160d49f19e8cb095952,cian,sale_apartment,2026-03-15T10:53:20.769215
cia_aad8163d,Уютные апартаменты у метро,41000.0,,,,,,,,,Санкт-Петербург,,,,sale,apartment,,https://spb.cian.ru/rent/flat/323789529/?context=3.NSOmHSnmo_s.RM0-hAifbeeqwkzu4r0fC3uXHWR8V429wGHVX1L20y_jAsvbQ4Hk5wstWYDlgX6ZGC0R7VBEKO0waQ&mlSearchSessionGuid=b0cd18b8b0158160d49f19e8cb095952,cian,sale_apartment,2026-03-15T10:53:20.770693
cia_15ae6550,"1-комн. квартира, 38 м², 19/26 этаж",54000.0,,1.0,38.0,,,19.0,26.0,,Санкт-Петербург,,,,sale,apartment,,https://spb.cian.ru/rent/flat/291524253/?context=3.EqKR7b1A0NQ.Ig_3r1-cegsMez5Q8bjvhBFONiwxFm3vQmp_9_124Dy8GtM7XBtnPm-utyqq0hR-nIcbWYIHgElH5g&mlSearchSessionGuid=b0cd18b8b0158160d49f19e8cb095952,cian,sale_apartment,2026-03-15T10:53:20.772092
cia_2571e443,"Студия, 18 м², 1/5 этаж",20999.0,,0.0,18.0,,,1.0,5.0,,Санкт-Петербург,,,,sale,studio,,https://spb.cian.ru/rent/flat/326930515/?context=3.JINt55Ph-NM.0aZC6lHSoDQEkTAjucRn87LQUPLp1zYbQfqwoaq9QSCldyf63ZO0Gg9LtRO59rxiimd-iq0R0Y7fJQ&mlSearchSessionGuid=b0cd18b8b0158160d49f19e8cb095952,cian,sale_apartment,2026-03-15T10:53:20.773023
cia_0ec3caa2,Уютная Студия в Центре СПб!,,,0.0,,,,,,,Санкт-Петербург,,,,sale,studio,,https://spb.cian.ru/rent/flat/297214091/?context=3.P6Sp8FWOdTE.ZICuFCl9wnBkInBc6gGAR1hWu-3WhESmEhr5eaUk1qfpt0B5IPKLcWljnSf9NvarmVnTTG66g90Jsg&mlSearchSessionGuid=b0cd18b8b0158160d49f19e8cb095952,cian,sale_apartment,2026-03-15T10:53:20.775081
cia_da53fbf2,Уютная студия на Восстания,,,0.0,,,,,,,Санкт-Петербург,,,,sale,studio,,https://spb.cian.ru/rent/flat/276682045/?context=3.LwRvUGPW0tI.gRJDft00mzLthy_pxqG-utyX5MK0uy1Ap2ByGuz4grxG9pgw2HkG8xFsMmGIryRz9ecCD797tJd1PA&mlSearchSessionGuid=b0cd18b8b0158160d49f19e8cb095952,cian,sale_apartment,2026-03-15T10:53:20.777238
cia_164295b1,Терраса с видом у Русского музея,,,,,,,,,,Санкт-Петербург,,,,sale,house,,https://spb.cian.ru/rent/flat/286885104/?context=3.QJYaLI3xXOk.enyFQrqllGvWj2OP4io0lNMZ8QTgQNE8Hleh-u7O2WcniEqrErYw0o1mIVfNexDnGx-205lW03tnng&mlSearchSessionGuid=b0cd18b8b0158160d49f19e8cb095952,cian,sale_apartment,2026-03-15T10:53:20.779303
cia_112d4afd,Квартира и Исаакиевского собора,,,,,,,,,,Санкт-Петербург,,,,sale,apartment,,https://spb.cian.ru/rent/flat/312656832/?context=3.JQhVFzL4CVw.C9auPdoPD-6QmlcT3_q7tktEnQmmx8bQEaik30zSnHqaR7z_KDJjle92RIZk_sUjR2QI9CYYagttXA&mlSearchSessionGuid=b0cd18b8b0158160d49f19e8cb095952,cian,sale_apartment,2026-03-15T10:53:20.781378
cia_17b4d11b,Квартира нашего времени,,,,,,,,,,Санкт-Петербург,,,,sale,apartment,,https://spb.cian.ru/rent/flat/326865228/?context=3.B1Bq80UC4X0.RO2kcdBOqbO34KcP69WmBI6L2lBn5VUfEE3VVCH8r0zqa4ndlxfmdG64YIB2xYJuaAYdl4qgyyD6qA&mlSearchSessionGuid=b0cd18b8b0158160d49f19e8cb095952,cian,sale_apartment,2026-03-15T10:53:20.783460
cia_7958f8ab,"1-комн. апартаменты, 16,7 м², 3/18 этаж",41000.0,,1.0,16.7,,,3.0,18.0,,Санкт-Петербург,,,,sale,apartment,,https://spb.cian.ru/rent/flat/323012316/?context=3.fJ2RlSPdP68.7_yOGKXf28qBtodCLd8k391oBxItVh52z8NtytUM0nApO9WvfHJ49SrymIarss-1XIIjsO0zn-JJ9g&mlSearchSessionGuid=b0cd18b8b0158160d49f19e8cb095952,cian,sale_apartment,2026-03-15T10:53:20.784885
cia_56d78bc6,2-шка напротив метро Пионерская,,,,,,,,,,Санкт-Петербург,,,,sale,apartment,,https://spb.cian.ru/rent/flat/180842748/?context=3.yxPJj350RWY.4RO0ARvLoBBYGemxbTQh26Ym1Hhey7mCtkbtaT1DC4Pmgfi2AGaWqAD_k-N67CkhvbzCQfwtXHfR_w&mlSearchSessionGuid=b0cd18b8b0158160d49f19e8cb095952,cian,sale_apartment,2026-03-15T10:53:20.786957
cia_a7726e85,"Апартаменты-студия, 14 м²",45000.0,,0.0,14.0,,,,,,Санкт-Петербург,,,,sale,studio,,https://spb.cian.ru/rent/flat/324730329/?context=3.rzXW4oRqMK4.YwVCZlZbVsFN2B8TxyopWkH5JPC6wq-Y8JNokKcW7W6ht161UNs5AMjDEWlgsx5XCduwoaE9j54nJA&mlSearchSessionGuid=b0cd18b8b0158160d49f19e8cb095952,cian,sale_apartment,2026-03-15T10:53:20.788391
cia_54fb3e18,"Студия, 16 м², 4/5 этаж",25000.0,,0.0,16.0,,,4.0,5.0,,Санкт-Петербург,,,,sale,studio,,https://spb.cian.ru/rent/flat/277909171/?context=3.xa-UY1vvUMo.Vjb5jd-pgxWmDh5r5BAM5ZODJTQme1EpJYt4ARj5Qg1ise-evUr41bpHI03YPqaKGOcFkkRhig5Fkg&mlSearchSessionGuid=b0cd18b8b0158160d49f19e8cb095952,cian,sale_apartment,2026-03-15T10:53:20.789240
cia_735a1046,Уютные апартаменты у метро,35000.0,,,,,,,,,Санкт-Петербург,,,,sale,apartment,,https://spb.cian.ru/rent/flat/309657949/?context=3.tzf1CCcv8Zo.ScVD87GUUYtFYNRfV1YI6F2Gpzw2IPwFRemGtVVfdVBYvA-0Rbkau03W_oBVkMEgIGKCK2-ZQLSU6Q&mlSearchSessionGuid=b0cd18b8b0158160d49f19e8cb095952,cian,sale_apartment,2026-03-15T10:53:20.790789
cia_411e21e7,Двушка в минуте от Невского,,,,,,,,,,Санкт-Петербург,,,,sale,apartment,,https://spb.cian.ru/rent/flat/156097659/?context=3.ZXPV4nX694E.Qc69YkGeb7ZriFx0GfmcUOqXmVvgyYzNTn2YhhsIihNFEWDHEyjklNXCdPibGwGvN17WuJmKEHOsjQ&mlSearchSessionGuid=b0cd18b8b0158160d49f19e8cb095952,cian,sale_apartment,2026-03-15T10:53:20.792958
cia_4531d0f8,"1-комн. квартира, 35 м², 4/6 этаж",40000.0,,1.0,35.0,,,4.0,6.0,,Санкт-Петербург,,,,sale,apartment,,https://spb.cian.ru/rent/flat/327471832/?context=3.FmLS1oGmmyI.706ZSeiRaOlT3jOQeZr_x4UUwzVO6Q01tcx6gAKBCROtjLaRWnrrgc32FbsI01GYaHjA7HJ-DpLTpQ&mlSearchSessionGuid=b0cd18b8b0158160d49f19e8cb095952,cian,sale_apartment,2026-03-15T10:53:20.794430
cia_558a95ee,Сдам евродвушку,50000.0,,,,,,,,,Санкт-Петербург,,,,sale,apartment,,https://spb.cian.ru/rent/flat/319785780/?context=3.-u9q0bnnyzk.j3nt9a0FDZhDg41B2T3OgtDFMcRR3NMTauCYvzFp47ZCr9KRh2Uf824Z0SJNGVfE6A3Iv5X753Do9A&mlSearchSessionGuid=b0cd18b8b0158160d49f19e8cb095952,cian,sale_apartment,2026-03-15T10:53:20.795924
cia_8d4c91e5,"2-комн. квартира, 50 м², 7/9 этаж",110000.0,,2.0,50.0,,,7.0,9.0,,Санкт-Петербург,,,,sale,apartment,,https://spb.cian.ru/rent/flat/327028302/?context=3.KZrlU4mqdzo.-R0oqhrNx0KHNvVa-anrsWBE_VGCpcJ6Rjzf2LJCnlFp7hq8FognIszzV813ULkPtgL26oZbwoExvQ&mlSearchSessionGuid=b0cd18b8b0158160d49f19e8cb095952,cian,sale_apartment,2026-03-15T10:53:20.797331
cia_cb979281,Сдается впервые! Мебель и Техника,34000.0,,,,,,,,,Санкт-Петербург,,,,sale,apartment,,https://spb.cian.ru/rent/flat/321128144/?context=3.9kVbtMcYVdk.QRCwHVBOfoAsl91jVtRCk3KxNAXP-IGN780VzkwwQuWCFCUOmodIc5ZBxoqmZeS5ajvYQh61XmWqGg&mlSearchSessionGuid=b0cd18b8b0158160d49f19e8cb095952,cian,sale_apartment,2026-03-15T10:53:20.798319
cia_8bdae172,Двухуровневая квартира у Эрмитажа,,,,,,,,,,Санкт-Петербург,,,,sale,apartment,,https://spb.cian.ru/rent/flat/312661164/?context=3.bNHko5piNP4.xwiaVRmzAVI-Sgj-xtk85dT31lxa4FMWlgFFrmdaCJdbV_Xr8POijFEZQFVqQ0ze0ZWpcdguUfJwLA&mlSearchSessionGuid=b0cd18b8b0158160d49f19e8cb095952,cian,sale_apartment,2026-03-15T10:53:20.800408
cia_b624d367,Комфортные апартаменты у метро,45000.0,,,,,,,,,Санкт-Петербург,,,,sale,apartment,,https://spb.cian.ru/rent/flat/316613940/?context=3.8jJTaPZlI8s.0W_vhZ7argjFlxF70IXEw9QwfgM29O6CFBcVRSt2zzSiyXntelwnpbySRq0AdNPdYYS2kjluTJPM2A&mlSearchSessionGuid=b0cd18b8b0158160d49f19e8cb095952,cian,sale_apartment,2026-03-15T10:53:20.801928
cia_054da440,Просторная двушка в сердце СПБ,70000.0,,,,,,,,,Санкт-Петербург,,,,sale,apartment,,https://spb.cian.ru/rent/flat/327563129/?context=3.J9qbWg5PYLg.y75MfkfWH2Zzwg7Jxwa-ZOPV9pT9bhH55qXwcV6rRqIWciMsTJBPfOJZq6gHUBx3gkrTw-GmJtoDew&mlSearchSessionGuid=b0cd18b8b0158160d49f19e8cb095952,cian,sale_apartment,2026-03-15T10:53:29.305103
cia_6490fb94,Квартира в центре .,3490.0,,,,,,,,,Санкт-Петербург,,,,sale,apartment,,https://spb.cian.ru/rent/flat/314879731/?context=3.4NvAp7mai0E.s0I_POv6xBcW1i09kn6RDq48iPLxd_07kAlMLKDhxjZLCoLzy61cliRNUcUV1brszoAli-yTJXTkvQ&mlSearchSessionGuid=b0cd18b8b0158160d49f19e8cb095952,cian,sale_apartment,2026-03-15T10:53:29.306660
cia_0437dbdb,Квартира с балконом,2000.0,,,,,,,,,Санкт-Петербург,,,,sale,apartment,,https://spb.cian.ru/rent/flat/324450982/?context=3._cKqMTgcrZE.fpvXOMHfOF-V4RcFFiOkVDjtOYyoXRYbzTnfIWMYuKkFIqID3exLRpvAUYPz9f5q56GWS5WMNr9BQw&mlSearchSessionGuid=b0cd18b8b0158160d49f19e8cb095952,cian,sale_apartment,2026-03-15T10:53:29.308248
cia_d8bc9f7c,"2-комн. квартира, 86 м², 1/12 этаж",80000.0,,2.0,86.0,,,1.0,12.0,,Санкт-Петербург,,,,sale,apartment,,https://spb.cian.ru/rent/flat/327498882/?context=3.OARVLejT00E.5my4wzIFbyCT4ERhFboRcJxgOZdwy3BqBPnioYvm2wCoGZYx4MVQydnW5w_FPPp5XKIytw3lylv6oQ&mlSearchSessionGuid=b0cd18b8b0158160d49f19e8cb095952,cian,sale_apartment,2026-03-15T10:53:29.309411
cia_50e0b894,Miro 170м2 от CITI Apartments,19000.0,,,,,,,,,Санкт-Петербург,,,,sale,apartment,,https://spb.cian.ru/rent/flat/275017527/?context=3.PBSVkbwhBuU.Vuve7wbl_KrrRmHV5lgyITwThh9c6yJwBQPt44BDgHz69SHpUG7tUlk8P4nqpXNaaY8JIAo-ACewtA&mlSearchSessionGuid=b0cd18b8b0158160d49f19e8cb095952,cian,sale_apartment,2026-03-15T10:53:29.311026
cia_2568053e,"Студия, 28 м², 1/5 этаж",35000.0,,0.0,28.0,,,1.0,5.0,,Санкт-Петербург,,,,sale,studio,,https://spb.cian.ru/rent/flat/321039016/?context=3.tKqf9RHTh9Q.rQdY_LTivRARy2EfjRXfONRrNjJ8uySN4Ako6bCWY023OQRLmHCnuvSXwUcb469-7YEGmCjp_zOSNg&mlSearchSessionGuid=b0cd18b8b0158160d49f19e8cb095952,cian,sale_apartment,2026-03-15T10:53:29.312544
cia_f48499be,"2-комн. квартира, 72 м², 8/11 этаж",70000.0,,2.0,72.0,,,8.0,11.0,,Санкт-Петербург,,,,sale,apartment,,https://spb.cian.ru/rent/flat/326379477/?context=3.byF1Nwy6RDY.gR0L6E8ovPiMgjuu5Nt0NTAA1QPp6QIN_ueAoTyqMutbiyI2PHdlFrcuLAiEK8FaAHsW0kWqxSHs1Q&mlSearchSessionGuid=b0cd18b8b0158160d49f19e8cb095952,cian,sale_apartment,2026-03-15T10:53:29.314193
cia_c9c41bde,На Невском с видом на церковь,7000.0,,,,,,,,,Санкт-Петербург,,,,sale,house,,https://spb.cian.ru/rent/flat/314082640/?context=3.GZZG95ftF0Y.02A8L4Vv4ZbdlLMZLX6aNpTakioWW-1L62qFRKsBIqj-rKGUoiOKeUf6JRiA_Oklkmgg9Hyy4I0FwA&mlSearchSessionGuid=b0cd18b8b0158160d49f19e8cb095952,cian,sale_apartment,2026-03-15T10:53:29.315717
cia_05a09871,Светлая 3ккв с огромной террассой,120000.0,,,,,,,,,Санкт-Петербург,,,,sale,apartment,,https://spb.cian.ru/rent/flat/319046047/?context=3.bCY2MnoonUk.BnK9nfFQowdwn7QNxUSgq-RbBtSFD93I54fsDmtxrDaEO4-RyBI2uebs46xv0ZziKfCEj1uWgR_QKA&mlSearchSessionGuid=b0cd18b8b0158160d49f19e8cb095952,cian,sale_apartment,2026-03-15T10:53:29.317335
cia_d9f93264,"2-комн. квартира, 53 м², 2/12 этаж",45000.0,,2.0,53.0,,,2.0,12.0,,Санкт-Петербург,,,,sale,apartment,,https://spb.cian.ru/rent/flat/280885674/?context=3.4l3I7_-zAw4.RgR4N639VyZFk8pFi0-6APYARoIuYKczpL83rSqQycE6ZbbWM-9oYJ7FW4ViQkXyBGfgpL5zjjVBdw&mlSearchSessionGuid=b0cd18b8b0158160d49f19e8cb095952,cian,sale_apartment,2026-03-15T10:53:29.319229
cia_47bc8432,"The лучшее, что вы видели сегодня",100000.0,,,,,,,,,Санкт-Петербург,,,,sale,apartment,,https://spb.cian.ru/rent/flat/326444688/?context=3.O5Ct2_wYzIY.G7XuDLwgQsh69ptmXFkS-tnomPJxyr7rAiCn77TjQu3hHShyvlzac1X_mS2XfcEV2v0cE4L7VmGRxQ&mlSearchSessionGuid=b0cd18b8b0158160d49f19e8cb095952,cian,sale_apartment,2026-03-15T10:53:29.320787
cia_5cd8dc6b,Большая двушка для 7 гостей.Метро,5890.0,,,,,,,,,Санкт-Петербург,,,,sale,apartment,,https://spb.cian.ru/rent/flat/304718591/?context=3.gYHAzov62z0.hFEgXuaX3OAMzGqYsQa7JKlEaM8Q216ncKYVOeWyBB-2uQxknkQGGX9B1O45hn4bRYAj6TiSs_m7qg&mlSearchSessionGuid=b0cd18b8b0158160d49f19e8cb095952,cian,sale_apartment,2026-03-15T10:53:29.322688
cia_1b3a0744,Идеальная для жизни 1к квартира,50000.0,,,,,,,,,Санкт-Петербург,,,,sale,apartment,,https://spb.cian.ru/rent/flat/287997935/?context=3.EkigVUNlY40.d3jyVWOyX2ufzQWcKy_Ml3ZtpjLS-_LOPxOF9lz618Lcb_TTNfyalnxUTCotrezYYdirzVZPQbJyIg&mlSearchSessionGuid=b0cd18b8b0158160d49f19e8cb095952,cian,sale_apartment,2026-03-15T10:53:29.323769
cia_588d5150,"2-комн. квартира, 68 м², 11/25 этаж",6100.0,,2.0,68.0,,,11.0,25.0,,Санкт-Петербург,,,,sale,apartment,,https://spb.cian.ru/rent/flat/304010223/?context=3.60hKeuet4_g.jFmqVAUgioDtle_JKAriJDuaw-KvuPfTVtyOZu2d2N3K5kY3_5nvp7GyUshpxMO9BlJOExQAiUkv5g&mlSearchSessionGuid=b0cd18b8b0158160d49f19e8cb095952,cian,sale_apartment,2026-03-15T10:53:29.325335
cia_07cd13d3,"1-комн. квартира, 31 м², 2/5 этаж",25000.0,,1.0,31.0,,,2.0,5.0,,Санкт-Петербург,,,,sale,apartment,,https://spb.cian.ru/rent/flat/327783795/?context=3.G6zupFn21-Q.hRdaAZPSqxUgeZHdhl5G7IgBga3j0gVU4Iz7RXShMGuIvEkNCWaOiUYs6cJSvr0MDex4uSnIgpjFYA&mlSearchSessionGuid=b0cd18b8b0158160d49f19e8cb095952,cian,sale_apartment,2026-03-15T10:53:29.326826
cia_bec585a0,"Уютная, светлая,  однокомнатная к",33000.0,,,,,,,,,Санкт-Петербург,,,,sale,apartment,,https://spb.cian.ru/rent/flat/326284211/?context=3.9ttOANt9SDA.-B4Y_Vd_ic2b_sUFBo5qfCthBQgquoKyTCnvj3pxUvrDDnZK6jf1dzEWstDYexoCaPddhtYrdUkw4A&mlSearchSessionGuid=b0cd18b8b0158160d49f19e8cb095952,cian,sale_apartment,2026-03-15T10:53:29.327879
cia_a81a2567,"Отличный ремонт, всё есть!",27000.0,,,,,,,,,Санкт-Петербург,,,,sale,apartment,,https://spb.cian.ru/rent/flat/327237808/?context=3.KSMo_6PNB2A.60k4d_7ULgYPFqQZ2D2LZc43wYXFZzHIkcHKZXwxws_s1jIuSIWlMDjbbzjtTBhf3x_XyKfHYyDktA&mlSearchSessionGuid=b0cd18b8b0158160d49f19e8cb095952,cian,sale_apartment,2026-03-15T10:53:29.329551
cia_188d8ded,2х местная студия у метро  В.О.,34000.0,,0.0,,,,,,,Санкт-Петербург,,,,sale,studio,,https://spb.cian.ru/rent/flat/307338966/?context=3.O97UaobZF94.SJ1mvtBdF-igjPHtmmHFIgnC1dtJTV7w7mYXh9JnF_TrOMhwr59oTcXwAGl6HQFLPwG-LeI8uEMu3w&mlSearchSessionGuid=b0cd18b8b0158160d49f19e8cb095952,cian,sale_apartment,2026-03-15T10:53:29.331384
cia_3c767387,"1-комн. квартира, 36 м², 2/9 этаж",23000.0,,1.0,36.0,,,2.0,9.0,,Санкт-Петербург,,,,sale,apartment,,https://spb.cian.ru/rent/flat/294453771/?context=3.KMcKSsKAFFY.W7FNBZJ1PMMVBwlgDU28izevB787VzexEtrd9PoGGFoZ__NjUicriPIOd1VJuiRaUSMTXR7IeMecmg&mlSearchSessionGuid=b0cd18b8b0158160d49f19e8cb095952,cian,sale_apartment,2026-03-15T10:53:29.332483
cia_b13dd4ec,Без депозита! Рядом метро,48000.0,,,,,,,,,Санкт-Петербург,,,,sale,house,,https://spb.cian.ru/rent/flat/327283381/?context=3._WNoG1rXnAg.z3-n1Qs2V3h1q0LVwXmEV9nwtCaxxF4mAuKK5b9ka5CAPsKxcOx5w4tobY2TnfRuOhfyhqUzYx3O9w&mlSearchSessionGuid=b0cd18b8b0158160d49f19e8cb095952,cian,sale_apartment,2026-03-15T10:53:29.334054
cia_35a3c9ab,"Собственник,без комиссии.",48000.0,,,,,,,,,Санкт-Петербург,,,,sale,apartment,,https://spb.cian.ru/rent/flat/202522298/?context=3.J3BFFMAJ01M.OCyYBjBIBhrL0S3IxM7-zbmQclzIYbv9WEuEF3-GpJotVCmDggkiucodOi79Xb-EEWDV-Or9xRk_VQ&mlSearchSessionGuid=b0cd18b8b0158160d49f19e8cb095952,cian,sale_apartment,2026-03-15T10:53:29.335665
cia_6c415537,"1-комн. квартира, 41 м², 20/24 этаж",42000.0,,1.0,41.0,,,20.0,24.0,,Санкт-Петербург,,,,sale,apartment,,https://spb.cian.ru/rent/flat/282451631/?context=3.sZ-Y34AEWmo.byY9ZwzThrfreGPhI2q7xn8FNBCvV3cPTzLxvFrXyOsBhy63ivScnvEMyaVwVbMIzTUVVi2kwc3zPQ&mlSearchSessionGuid=b0cd18b8b0158160d49f19e8cb095952,cian,sale_apartment,2026-03-15T10:53:29.337253
cia_effad767,Без депозита! Пешком до метро,47800.0,,,,,,,,,Санкт-Петербург,,,,sale,apartment,,https://spb.cian.ru/rent/flat/327776759/?context=3.LrecFqcKJ4c.mWkh5qG-37EhC6SAK-2KmxHjz8gutFS7uftqEr8TFFO5viUMeTs1bIgncSBBYVBKAoWaicds0PvumQ&mlSearchSessionGuid=b0cd18b8b0158160d49f19e8cb095952,cian,sale_apartment,2026-03-15T10:53:29.338830
cia_898e05d3,Просторная квартира у леса!,46500.0,,,,,,,,,Санкт-Петербург,,,,sale,apartment,,https://spb.cian.ru/rent/flat/326060975/?context=3.WsOuldZSUNk.BLRm2DrUvaSpTBAHv5hqstrCgAQzSyIz_hGPBFiV_PK2BvpUISzFfoxR0N_X_0VAxwcIefZrBah_jQ&mlSearchSessionGuid=b0cd18b8b0158160d49f19e8cb095952,cian,sale_apartment,2026-03-15T10:53:29.340363
cia_243c57be,"1-комн. квартира, 40 м², 4/7 этаж",45000.0,,1.0,40.0,,,4.0,7.0,,Санкт-Петербург,,,,sale,apartment,,https://spb.cian.ru/rent/flat/327568279/?context=3.ydBnb2Pgw7k.2UNrp0EFySab2-VhFG1PxbvJxxZr4TKGAJHflLKXybs5nZpC2JkFGSfZIvHbD43AbuIx6EdV1xQVqg&mlSearchSessionGuid=b0cd18b8b0158160d49f19e8cb095952,cian,sale_apartment,2026-03-15T10:53:29.341280
cia_a0dbb76e,"1-комн. квартира, 40,2 м², 3/4 этаж",38000.0,,1.0,40.2,,,3.0,4.0,,Санкт-Петербург,,,,sale,apartment,,https://spb.cian.ru/rent/flat/326903805/?context=3.ho8b5vHCUd0.OBansmPe2QOG2_Q2oCMuFp4PZQlMKDyjSaz4tcDTSM-pL0dYFm0eJqd8nNMOyTigUo-ExB6U0Lma6g&mlSearchSessionGuid=b0cd18b8b0158160d49f19e8cb095952,cian,sale_apartment,2026-03-15T10:53:29.342753
cia_ae9f0dc6,"Хороший район, отличный ремонт",47100.0,,,,,,,,,Санкт-Петербург,,,,sale,apartment,,https://spb.cian.ru/rent/flat/323993058/?context=3.5pYX3u34MWI.BoolFqmjbGMSIXHs7fQLo4qerrm9GiOGtNH0lTUUlUehpf72eIbRfkydTDhx1cPyTVj-0NUSVEnkZA&mlSearchSessionGuid=b0cd18b8b0158160d49f19e8cb095952,cian,sale_apartment,2026-03-15T10:53:29.344176
cia_84beeded,"1-комн. квартира, 35 м², 12/17 этаж",28000.0,,1.0,35.0,,,12.0,17.0,,Санкт-Петербург,,,,sale,apartment,,https://spb.cian.ru/rent/flat/327484438/?context=3.E34_YKjVWHg.OHzdLj6cIS6wHHyXIT74h_ecLXmQuUAS2xygwY1OhC13wb_wlipXqe1iNQitR3r6Xi-xJfE-1NmLOA&mlSearchSessionGuid=b0cd18b8b0158160d49f19e8cb095952,cian,sale_apartment,2026-03-15T10:53:29.345619
cia_2ae00523,Без депозита! Пешком до метро,47800.0,,,,,,,,,Санкт-Петербург,,,,sale,apartment,,https://spb.cian.ru/rent/flat/327776759/?context=3.KF6suaBmD-s.DjzXlWtSMxgmKphSXmoa3RYrFF3CTS3y86kINEiWbMhonstyu2le3dUIbqFhw26eQHDxqHZO6uuHdA&mlSearchSessionGuid=b0cd18b8b0158160d49f19e8cb095952,cian,sale_apartment,2026-03-15T10:53:38.273503
cia_bbb390d8,"Собственник,без комиссии.",48000.0,,,,,,,,,Санкт-Петербург,,,,sale,apartment,,https://spb.cian.ru/rent/flat/202522298/?context=3.9F-7DOKmDhc.6TkYzzr7FXIBsZzjvsQ1_TlyWqvXUDjhz62cHwFzCajVEmbqBoitd0cHzgVUNucL4ptpQrWEuSh8GQ&mlSearchSessionGuid=b0cd18b8b0158160d49f19e8cb095952,cian,sale_apartment,2026-03-15T10:53:38.275144
cia_46ef558f,"Студия, 24 м², 1/6 этаж",40000.0,,0.0,24.0,,,1.0,6.0,,Санкт-Петербург,,,,sale,studio,,https://spb.cian.ru/rent/flat/274162192/?context=3.2aXU8gnGngg.rBFhl5M894i-NVNX7jbH-S-wi3GJflIBm7UAiLdCnvZGkrMGjj08_Q-BCvhYHbVIIcoD8vQUIbVmaA&mlSearchSessionGuid=b0cd18b8b0158160d49f19e8cb095952,cian,sale_apartment,2026-03-15T10:53:38.275993
cia_df5293b8,Без депозита! Пешком до метро,42600.0,,,,,,,,,Санкт-Петербург,,,,sale,apartment,,https://spb.cian.ru/rent/flat/326701307/?context=3.IIdPvhA8MDo.-eceR34kkUM463pgkCIDYnFgiOlVLw1ETneqcmgUkoSOId1CQZyzU6vikdQtryMhVeJF4GaJdQ57HA&mlSearchSessionGuid=b0cd18b8b0158160d49f19e8cb095952,cian,sale_apartment,2026-03-15T10:53:38.277489
cia_bf5beb11,"Хороший район, отличный ремонт",47100.0,,,,,,,,,Санкт-Петербург,,,,sale,apartment,,https://spb.cian.ru/rent/flat/323993058/?context=3.ThoaYIb4qok.bX4J4PXVQUClrut-p-5LL_VUi57auIRkBVbStq4NObDDVL9yWoILvjF3vtmFGzaRIleEJ09iFNb94Q&mlSearchSessionGuid=b0cd18b8b0158160d49f19e8cb095952,cian,sale_apartment,2026-03-15T10:53:38.279009
cia_a4d17474,Без посредников  1к.кв Московская,39000.0,,,,,,,,,Санкт-Петербург,,,,sale,apartment,,https://spb.cian.ru/rent/flat/317139956/?context=3.omRVr2-wsIM.jJy_D8OU3_Pm_DnB-5X8diFmiaa1bVFksGk11HsPL5SUh27ce6Sges2nVWq_2v_s8bKbb-_14jzgBQ&mlSearchSessionGuid=b0cd18b8b0158160d49f19e8cb095952,cian,sale_apartment,2026-03-15T10:53:38.280493
cia_a246ad48,Просторная квартира у леса!,46500.0,,,,,,,,,Санкт-Петербург,,,,sale,apartment,,https://spb.cian.ru/rent/flat/326060975/?context=3.wBNDXVjAOdI.9S5SK7IUl3ib-nFIIK8gJbtLShnrbzg1ePhPtjoCL7McSAu-XFriO2s7CYpoi_fjljpqgc5hDoCniw&mlSearchSessionGuid=b0cd18b8b0158160d49f19e8cb095952,cian,sale_apartment,2026-03-15T10:53:38.281927
cia_cd942b83,Пешком до метро! Без депозита,49900.0,,,,,,,,,Санкт-Петербург,,,,sale,apartment,,https://spb.cian.ru/rent/flat/326249095/?context=3.g31La6xpPbo.O3FtcyzoJMIf9DZ236iU7DwYV_r-LHRbsvdz8WbflqY0UJSNwE7KzYZRDCOZtm_9l8Z1T2P1dd0BmQ&mlSearchSessionGuid=b0cd18b8b0158160d49f19e8cb095952,cian,sale_apartment,2026-03-15T10:53:38.283346
cia_7eb733f5,"1-комн. квартира, 29 м², 4/4 этаж",40000.0,,1.0,29.0,,,4.0,4.0,,Санкт-Петербург,,,,sale,apartment,,https://spb.cian.ru/rent/flat/326296689/?context=3.r4PUDBp4VX4.d0XzMAGKaTX8FeRfa5Ec5e03ekrkTnX-wL4NUGCycdE2tDusukhP1lZuQJNfaEj3PtBtilwV9DboEg&mlSearchSessionGuid=b0cd18b8b0158160d49f19e8cb095952,cian,sale_apartment,2026-03-15T10:53:38.284246
cia_5d5a85ff,Без депозита! Рядом метро,48000.0,,,,,,,,,Санкт-Петербург,,,,sale,house,,https://spb.cian.ru/rent/flat/327283381/?context=3.BOgKonneLwI.r8vtEb1upw4tXgjRZFMJHD-m7HWXgWb2rLjqu0egrGjfPst74ORT5hTPkAw6e4vDPww3GdbzPoT9Mw&mlSearchSessionGuid=b0cd18b8b0158160d49f19e8cb095952,cian,sale_apartment,2026-03-15T10:53:38.285685
cia_7b4ab86a,У метро! Можно с питомцем,64000.0,,,,,,,,,Санкт-Петербург,,,,sale,apartment,,https://spb.cian.ru/rent/flat/325471245/?context=3.HAov1ysnDVI.XeXJK4MlBtVeb7MfJDD8LA8B9iO53bMxP8BXri1dzpXN3jT7za_JXIL0sSO89xUFOAXWbZLZvUsYcg&mlSearchSessionGuid=b0cd18b8b0158160d49f19e8cb095952,cian,sale_apartment,2026-03-15T10:53:38.287100
cia_a67e766e,квартира в аренду,35000.0,,,,,,,,,Санкт-Петербург,,,,sale,apartment,,https://spb.cian.ru/rent/flat/327805991/?context=3.3omLRB11LEs.JmeJlCKqGG8Ad9894FnboBbD3kk3lQDu8kh6SQG-_FjsetCY-5KLSg9xYNBYs-pK1NCSTQJ3wr33Sw&mlSearchSessionGuid=b0cd18b8b0158160d49f19e8cb095952,cian,sale_apartment,2026-03-15T10:53:38.288503
cia_3e2f3cd4,Всё у дома! Залог 0,73900.0,,,,,,,,,Санкт-Петербург,,,,sale,house,,https://spb.cian.ru/rent/flat/327699842/?context=3.YjlFsYD69Ks.tDT2T73NDpoLLnvD9BNjrkcLXLPy8OA95dYc2LOHNb6fV-KCw4xM_zTv6Pq9xo7YSS9W9PmeU8JChg&mlSearchSessionGuid=b0cd18b8b0158160d49f19e8cb095952,cian,sale_apartment,2026-03-15T10:53:38.290011
cia_c7f323d1,Без депозита! Уютная квартира,87900.0,,,,,,,,,Санкт-Петербург,,,,sale,apartment,,https://spb.cian.ru/rent/flat/323263720/?context=3.-BFaQtqeSTM.vJKD432ie-bsuuQXkWYj2aPXdiyfvw4JnBfOV--V6VCp6ho44mFPrnYZM8KgfXnxlNSZhb-7s-OD4w&mlSearchSessionGuid=b0cd18b8b0158160d49f19e8cb095952,cian,sale_apartment,2026-03-15T10:53:38.291419
cia_9ae1543e,"Студия, 30 м², 19/26 этаж",26000.0,,0.0,30.0,,,19.0,26.0,,Санкт-Петербург,,,,sale,studio,,https://spb.cian.ru/rent/flat/327592430/?context=3.LcYeJbtYaA8.M1vOz7i-JQ7Pi41l_jtn3bax8GvmfnVk377MF0cIloltd3jqldKl7EnQnsoRbuUtxZKIJfiPRhf-pw&mlSearchSessionGuid=b0cd18b8b0158160d49f19e8cb095952,cian,sale_apartment,2026-03-15T10:53:38.292359
cia_d129fd2b,Апартаменты для аристократов,120900.0,,,,,,,,,Санкт-Петербург,,,,sale,apartment,,https://spb.cian.ru/rent/flat/326076005/?context=3.RfWs_95hIr4.EZCkbjaUTvh6MJOVf8npHUbwakPWkZ9vYAGkRdY8BxltJB_kCdQzGqSVw3mctfPbxULlp0f4FLPj8A&mlSearchSessionGuid=b0cd18b8b0158160d49f19e8cb095952,cian,sale_apartment,2026-03-15T10:53:38.293944
cia_50143c29,Уютные апартаменты на Мойке,124500.0,,,,,,,,,Санкт-Петербург,,,,sale,apartment,,https://spb.cian.ru/rent/flat/326077567/?context=3.5Tp3JClljLg.RnUKfXE3V90YEm1cgChaIsxNcnk85kMUX148lQsJLOiB_u2PsJV8gOfhUSZGSv5AOAjYNaL9BLGo-Q&mlSearchSessionGuid=b0cd18b8b0158160d49f19e8cb095952,cian,sale_apartment,2026-03-15T10:53:38.295485
cia_4eed8110,"2-комн. квартира, 57 м², 2/5 этаж",60000.0,,2.0,57.0,,,2.0,5.0,,Санкт-Петербург,,,,sale,apartment,,https://spb.cian.ru/rent/flat/319428009/?context=3.zUUJjveybbA.5HDvxyjINHk7A0WoVjHXXfJ0Fl9L_rWeEWOrV-hKNpOjxx0LVKQcKtWlFfiPdGCypBxwAY9DW-UzLA&mlSearchSessionGuid=b0cd18b8b0158160d49f19e8cb095952,cian,sale_apartment,2026-03-15T10:53:38.296967
cia_7862e2d7,"Квартира на пл.Победы,метро 5 мин",1990.0,,,,,,,,,Санкт-Петербург,,,,sale,apartment,,https://spb.cian.ru/rent/flat/275634245/?context=3.sfcTGke2Sgc.plKJEDITWd2v3MqqXOYUVqwoPczqvYJU5bGwaP1Tzvz7fD8wMbCtaELVqTQYxmI4V58gH8B61AGLyw&mlSearchSessionGuid=b0cd18b8b0158160d49f19e8cb095952,cian,sale_apartment,2026-03-15T10:53:38.298630
cia_32652bd7,Квартира с видом на Фонтанку,3900.0,,,,,,,,,Санкт-Петербург,,,,sale,house,,https://spb.cian.ru/rent/flat/287994372/?context=3.4CbKM24Db5k.DqCs8GOg4P0zhfwH5AzioF5-api7sfneIMfKI2ECiOJdPcwReePVL3g-7TnRTXc_N8lI7O1O1fT59g&mlSearchSessionGuid=b0cd18b8b0158160d49f19e8cb095952,cian,sale_apartment,2026-03-15T10:53:38.300198
cia_f3fe140e,студия для молодых,30000.0,,0.0,,,,,,,Санкт-Петербург,,,,sale,studio,,https://spb.cian.ru/rent/flat/327623301/?context=3.6Id4yX9WrZY.kPZeC9IK5Fb5O1CB1MofezoKYc6MANBG_3uzEzvpgLNA2TSgmdbdli6BcDih9CvTs4Y5n66zGofHLQ&mlSearchSessionGuid=b0cd18b8b0158160d49f19e8cb095952,cian,sale_apartment,2026-03-15T10:53:38.301114
cia_66c86a44,"2-комн. квартира, 54 м², 3/5 этаж",1890.0,,2.0,54.0,,,3.0,5.0,,Санкт-Петербург,,,,sale,apartment,,https://spb.cian.ru/rent/flat/189648271/?context=3.CJNk2soHoNo.NHgXWFsuEMwwaZkK2cYvhTS72oQR9935rXFDxGybu_5_xexvOrtIqUlk3MhDsgWuvFYXnstjRhDIBA&mlSearchSessionGuid=b0cd18b8b0158160d49f19e8cb095952,cian,sale_apartment,2026-03-15T10:53:38.302593
cia_e90f2f46,"Студия, 16 м², 3/5 этаж",1890.0,,0.0,16.0,,,3.0,5.0,,Санкт-Петербург,,,,sale,studio,,https://spb.cian.ru/rent/flat/324766931/?context=3.mCXnvsOY_xk.oVT4LpWODVmnNoKhT46_QsMbdGYMIlZouTvJjGw8_U3XU1BXPYh9eUEJj-EsInAW5IpJBVE0iqos3g&mlSearchSessionGuid=b0cd18b8b0158160d49f19e8cb095952,cian,sale_apartment,2026-03-15T10:53:38.304019
cia_35ebe7fa,"1-комн. квартира, 50 м², 3/17 этаж",48000.0,,1.0,50.0,,,3.0,17.0,,Санкт-Петербург,,,,sale,apartment,,https://spb.cian.ru/rent/flat/325725298/?context=3.OMU1A4WSdMk.zZXCvvISuXGTmKUfcLFYFv7VZnDcVDfScr__4AZPI2DZOKlD00IiaYs9zpWcPGWyriY0Lf0zmSDhoA&mlSearchSessionGuid=b0cd18b8b0158160d49f19e8cb095952,cian,sale_apartment,2026-03-15T10:53:38.304837
cia_b2733576,"Комфорт, уют, удобная логистика",1999.0,,,,,,,,,Санкт-Петербург,,,,sale,apartment,,https://spb.cian.ru/rent/flat/326537482/?context=3.mYDbDj0vfow.pzB83odu9VAWKKI2Kp_tSKOieyuhTi4muPHFV57UHlqapdUOuQzuB37F9bReTiD0D8M2PJEZ3gCzHQ&mlSearchSessionGuid=b0cd18b8b0158160d49f19e8cb095952,cian,sale_apartment,2026-03-15T10:53:38.306318
cia_d0c58a1b,"Студия, 25 м², 4/15 этаж",2990.0,,0.0,25.0,,,4.0,15.0,,Санкт-Петербург,,,,sale,studio,,https://spb.cian.ru/rent/flat/316524833/?context=3.3PKR4YKkh0o.TKhGuhVM-s6D4JaiHNygDaGwwbzHA_06o0BMT4-zPsg2BxhLGiFYfDEwiENY4pcljFcsHRKReNEv5g&mlSearchSessionGuid=b0cd18b8b0158160d49f19e8cb095952,cian,sale_apartment,2026-03-15T10:53:38.307738
cia_af28194f,Просторная 1-комнатная квартира,55000.0,,1.0,,,,,,,Санкт-Петербург,,,,sale,apartment,,https://spb.cian.ru/rent/flat/327401583/?context=3.aBDprypdkMI.XeweEAA6mqMqanxz-OoFxT-WZVLMMqXMYkNuEpQaT41JpgmAuTZbvS6F61Qv2rtFqgi2Fwy-K3kcSQ&mlSearchSessionGuid=b0cd18b8b0158160d49f19e8cb095952,cian,sale_apartment,2026-03-15T10:53:38.308724
cia_30e47f04,Метро и Ладожский ВОКЗАЛ напротив,2980.0,,,,,,,,,Санкт-Петербург,,,,sale,apartment,,https://spb.cian.ru/rent/flat/318252485/?context=3.1wKDgVC9gYI.xFV06_whnM450yp0xKihhMDhsod_RYqSvjvD6z7YMMqut-waUElB1N0WY4wudGqyCmSzrQkX0d62Nw&mlSearchSessionGuid=b0cd18b8b0158160d49f19e8cb095952,cian,sale_apartment,2026-03-15T10:53:38.310198
cia_551f6590,"5-комн. апартаменты, 200 м², 4/5 этаж",180000.0,,5.0,200.0,,,4.0,5.0,,Санкт-Петербург,,,,sale,apartment,,https://spb.cian.ru/rent/flat/324842491/?context=3.v6uNn9XWPkI._lA0x232Il2utE6TRNS5gIhZSG_dDZj3YTQGjdt_bADn6PChDiOVlvLB1T2rbRp3DwqUh92zZadKaQ&mlSearchSessionGuid=b0cd18b8b0158160d49f19e8cb095952,cian,sale_apartment,2026-03-15T10:53:46.598775
cia_b268eb90,Уютная новая квартира в ЖК Ручьи,30000.0,,,,,,,,,Санкт-Петербург,,,,sale,apartment,,https://spb.cian.ru/rent/flat/326243644/?context=3.iN_FI044cSA.EeLPG4VnXtXlUotWhvocKNYkFNvaKIqGgD-xw2-lXGihK8yIkfT_DL_L3Y0tyQF3clDN2EA7EYvJ5A&mlSearchSessionGuid=b0cd18b8b0158160d49f19e8cb095952,cian,sale_apartment,2026-03-15T10:53:46.599632
cia_0fc8b0a5,"Студия, 26 м², 8/12 этаж",31900.0,,0.0,26.0,,,8.0,12.0,,Санкт-Петербург,,,,sale,studio,,https://spb.cian.ru/rent/flat/326993118/?context=3.OSIul7Z_HKg.tLknLHP59ZAzMTet1LlqRE21HCOoj3LjabCqa3QnpK14kzsNLbXtktJVLZmmBefQe6e_rmKCgQkpAg&mlSearchSessionGuid=b0cd18b8b0158160d49f19e8cb095952,cian,sale_apartment,2026-03-15T10:53:46.602107
cia_d80b0569,Квартира у Московского вокзала,3500.0,,,,,,,,,Санкт-Петербург,,,,sale,apartment,,https://spb.cian.ru/rent/flat/312455260/?context=3.y84kM90zO9A.sBy7LXDxMFEgq4iUCfif7rM2aeSgKz65pgjF743IPzUqV-JMQ_Kg4PsJL_MUh17A_VgHfHkVY4EFuA&mlSearchSessionGuid=b0cd18b8b0158160d49f19e8cb095952,cian,sale_apartment,2026-03-15T10:53:46.603599
cia_b0b8703e,"Студия, 25 м², 5/5 этаж",2800.0,,0.0,25.0,,,5.0,5.0,,Санкт-Петербург,,,,sale,studio,,https://spb.cian.ru/rent/flat/244220146/?context=3.A8o9fmVRAfs.Q08EUdHFs7tJMSD5PuARZiHf-c_pED9ndg4XmDuQ5nvPZmcR3YHFVNR6ZnGZchQqczbLVG9ZQm10xQ&mlSearchSessionGuid=b0cd18b8b0158160d49f19e8cb095952,cian,sale_apartment,2026-03-15T10:53:46.604461
cia_eb2e885f,Новая квартира у метро,4590.0,,,,,,,,,Санкт-Петербург,,,,sale,apartment,,https://spb.cian.ru/rent/flat/327177163/?context=3.md9vuR2Fe8k.cIbg0ZZuRuYVpZazabbsDqQWoPlqD66v5Lvn7hjsgopDJJWv7sbFP9l-OVqSIPJN0-TMfVLztWJqpw&mlSearchSessionGuid=b0cd18b8b0158160d49f19e8cb095952,cian,sale_apartment,2026-03-15T10:53:46.605935
cia_2dc0a0df,"2-комн. квартира, 54 м², 3/5 этаж",1890.0,,2.0,54.0,,,3.0,5.0,,Санкт-Петербург,,,,sale,apartment,,https://spb.cian.ru/rent/flat/189648271/?context=3.asMLJjKYFig.ubNYuHsxs-sUjFVF4fD6Tp_0Tem8gQBPlFOUkYODNhed7fX8U8Ryxk-CIggt7yHlF07Slys8Ru91UQ&mlSearchSessionGuid=b0cd18b8b0158160d49f19e8cb095952,cian,sale_apartment,2026-03-15T10:53:46.608318
cia_d19b5c0f,"1-комн. квартира, 44 м², 16/17 этаж",57000.0,,1.0,44.0,,,16.0,17.0,,Санкт-Петербург,,,,sale,apartment,,https://spb.cian.ru/rent/flat/281055786/?context=3.AxfaXlfBMGM.c8s3rMXtI5aLfjifjeVAnvyTXw6043RpC7iRxb_RX5micEO6T_izUitSnP-KSHgNxNsMo2zLErjJ5A&mlSearchSessionGuid=b0cd18b8b0158160d49f19e8cb095952,cian,sale_apartment,2026-03-15T10:53:46.609368
cia_a0a15775,Citi Apartments: 130м2 с террасой,6000.0,,,,,,,,,Санкт-Петербург,,,,sale,apartment,,https://spb.cian.ru/rent/flat/286994689/?context=3.Bo77h2SeWJE.-ZrkIMc3Cnw3XRakQMo5bVp9uENvf50ABrFYNLVRZSILYBbuxP1Jpx1Tnphl0CPo5UeOJZwP3rm6zQ&mlSearchSessionGuid=b0cd18b8b0158160d49f19e8cb095952,cian,sale_apartment,2026-03-15T10:53:46.610819
cia_6236980c,Апартаменты 20 м² - без комиссии!,43800.0,,,20.0,,,,,,Санкт-Петербург,,,,sale,apartment,,https://spb.cian.ru/rent/flat/313326516/?context=3.vA9YAdBS9W8.HZ5KbXrOEQeugjDQhHwVRetJ0sYXs9gELhRVk4g7Tp3erWOfhCYK3KIMuKJ-PVhAnQ34vaUtNurO9w&mlSearchSessionGuid=b0cd18b8b0158160d49f19e8cb095952,cian,sale_apartment,2026-03-15T10:53:46.612284
cia_05c83b24,"Студия, 25 м², 2/3 этаж",26000.0,,0.0,25.0,,,2.0,3.0,,Санкт-Петербург,,,,sale,studio,,https://spb.cian.ru/rent/flat/323723987/?context=3.4CPcE1rnljc.xm3iuAev4zSnpX5qX1c0cFVe4Tke-0jNXDMolREmIOkyHA4KvIpa09cRQ1EttcnnucvHhpJe63XUag&mlSearchSessionGuid=b0cd18b8b0158160d49f19e8cb095952,cian,sale_apartment,2026-03-15T10:53:46.613203
cia_c7197a20,Апартаменты у м. Балтийская,43800.0,,,,,,,,,Санкт-Петербург,,,,sale,apartment,,https://spb.cian.ru/rent/flat/309227598/?context=3.dcaTWhCevhw.R8uvT29ATCmNcdklkqim4bAbwF70tF7EunIM32ClJrQlsyLEaRchIhEE_MaOVB5GZu43pACt0fzQIw&mlSearchSessionGuid=b0cd18b8b0158160d49f19e8cb095952,cian,sale_apartment,2026-03-15T10:53:46.615731
cia_4b4ec39e,"Студия, 16 м², 3/5 этаж",1890.0,,0.0,16.0,,,3.0,5.0,,Санкт-Петербург,,,,sale,studio,,https://spb.cian.ru/rent/flat/324766931/?context=3.G2Fxq70sR9Q.ffVRN7WgDqv_dPEibmfpfj7jsnV6r0aLaN5SbsPZ2FiNgC77QMp1X8HIyR5cPW09Z1H8EOUWN4gCAA&mlSearchSessionGuid=b0cd18b8b0158160d49f19e8cb095952,cian,sale_apartment,2026-03-15T10:53:46.617210
cia_b09462f2,"Я Собственник, без комиссии!",36000.0,,,,,,,,,Санкт-Петербург,,,,sale,apartment,,https://spb.cian.ru/rent/flat/259915287/?context=3.QMyVr8d9N78.gVVvyzhC6OfSVkuWoq7y3wU4f0P8dnf8wJGOlhUPf3YTrywbuILcDkziU4oTK7WZw-X1i7AgG-W4pg&mlSearchSessionGuid=b0cd18b8b0158160d49f19e8cb095952,cian,sale_apartment,2026-03-15T10:53:46.618166
cia_bd0fb576,"3-комн. апартаменты, 81,7 м², 2/5 этаж",250000.0,,3.0,81.7,,,2.0,5.0,,Санкт-Петербург,,,,sale,apartment,,https://spb.cian.ru/rent/flat/327274595/?context=3.XTBjGn5oaYs.kBRkTTMSWjsffGQYzGTthxWPF-gOKnMryjUXnb96Uxu54_0w8CX-Ao0hB-TUbu7zYPPrhXhAetH3pg&mlSearchSessionGuid=b0cd18b8b0158160d49f19e8cb095952,cian,sale_apartment,2026-03-15T10:53:46.619742
cia_05b670e2,Уютные апартаменты м. Балтийская!,52800.0,,,,,,,,,Санкт-Петербург,,,,sale,apartment,,https://spb.cian.ru/rent/flat/309203889/?context=3.y1HVVfi8xHI.5mEZ2ukZQKItgdXIsNq7E7COtbrSFbzNicNteKONII8cOC2KHo_okuXCtnidhe-ZXoae8YdkPLT-5g&mlSearchSessionGuid=b0cd18b8b0158160d49f19e8cb095952,cian,sale_apartment,2026-03-15T10:53:46.622174
cia_41739bba,Новый дом двушка. Закрытый двор,50000.0,,,,,,,,,Санкт-Петербург,,,,sale,house,,https://spb.cian.ru/rent/flat/327046554/?context=3.XONLKpEi2mI.dop7Mz-qVbEt8t5X5dB1SlIxHv9JAS2B3StDzBICJtVgvv5QCdgY-Mxbegn83XXkal7GmPs0BRmbXg&mlSearchSessionGuid=b0cd18b8b0158160d49f19e8cb095952,cian,sale_apartment,2026-03-15T10:53:46.623203
cia_85b0aaed,"Студия, 25 м², 4/15 этаж",2990.0,,0.0,25.0,,,4.0,15.0,,Санкт-Петербург,,,,sale,studio,,https://spb.cian.ru/rent/flat/316524833/?context=3.cj5LdeRWmKo.YInuicj0h2iQ4bY9u8Vwxd9sM5X9RdVRY7ZPQtzqrJRK1p4ZkmqGclNyz1iTj5mt6nh_JRZE8J0GBA&mlSearchSessionGuid=b0cd18b8b0158160d49f19e8cb095952,cian,sale_apartment,2026-03-15T10:53:46.624647
cia_146795c1,Метро и Ладожский ВОКЗАЛ напротив,2980.0,,,,,,,,,Санкт-Петербург,,,,sale,apartment,,https://spb.cian.ru/rent/flat/318252485/?context=3.CZuLU3ilCE0.eFAtHcEHkfOB5i7m__8lew6QiPvmuhNEDZpN0N0UwQdZE3iP5fxe2wcitzSVlrN_YSDkmA99Hvx2tg&mlSearchSessionGuid=b0cd18b8b0158160d49f19e8cb095952,cian,sale_apartment,2026-03-15T10:53:46.626080
cia_8ccc6376,"1-комн. квартира, 35 м², 1/20 этаж",31000.0,,1.0,35.0,,,1.0,20.0,,Санкт-Петербург,,,,sale,apartment,,https://spb.cian.ru/rent/flat/326276739/?context=3.eiwuUQlHQ8s.DQA0w3wf6WSYlrpHqMIUNFHYNqbWd82lLNtEgEXUmXaKo9RSoR9xtTW5Igu9yQ7PDIw80BYYKM8tyg&mlSearchSessionGuid=b0cd18b8b0158160d49f19e8cb095952,cian,sale_apartment,2026-03-15T10:53:46.627481
cia_b3b06bcb,"Комфорт, уют, удобная логистика",1999.0,,,,,,,,,Санкт-Петербург,,,,sale,apartment,,https://spb.cian.ru/rent/flat/326537482/?context=3.CFrBZRMBWr0.kFUpbXxQ6cDkX5ZmX24jpUWXB9WkP7uvAkfEYX6BimWt-nbKtY4OV7UlDYHpAWJDSdRrZt_ExnkVhw&mlSearchSessionGuid=b0cd18b8b0158160d49f19e8cb095952,cian,sale_apartment,2026-03-15T10:53:46.630012
cia_ce8e970a,Аренда квартиры на Крестовском,250000.0,,,,,,,,,Санкт-Петербург,,,,sale,apartment,,https://spb.cian.ru/rent/flat/322638319/?context=3.VDTTGSUxXZk.l2-IwXfpSbqQ2sb2HkXTPcpi4P_XtyjEqLxkJ60VauZWZb3KDsGDVIsb3nURs2wtkmTiSB1u_WVkEg&mlSearchSessionGuid=b0cd18b8b0158160d49f19e8cb095952,cian,sale_apartment,2026-03-15T10:53:46.631471
cia_d6423691,"1-комн. квартира, 31 м², 4/24 этаж",25000.0,,1.0,31.0,,,4.0,24.0,,Санкт-Петербург,,,,sale,apartment,,https://spb.cian.ru/rent/flat/290014083/?context=3.09zGJm74xn4.hlPlwo5xJYI6iDif35A1F5FQkTWIc_Lv3_Bzo_cjyjBL36_a_6rqKY1TMf-okMswVXTSWVbjaxnTmA&mlSearchSessionGuid=b0cd18b8b0158160d49f19e8cb095952,cian,sale_apartment,2026-03-15T10:53:46.632315
cia_ac8bbf8a,"Военно-Мед.  академия, Новый ЖК",2499.0,,,,,,,,,Санкт-Петербург,,,,sale,apartment,,https://spb.cian.ru/rent/flat/298768224/?context=3.gV5MvP-afeI.ONm5q-z21q-gBoK5gTHi8V97vIg9njGyNyobF2EDbdXp41XfShNRL224h4ttiFUjnlyjPdCLO84NEg&mlSearchSessionGuid=b0cd18b8b0158160d49f19e8cb095952,cian,sale_apartment,2026-03-15T10:53:46.633833
cia_6eff937b,Вид на Крестовский остров и Неву,4500.0,,,,,,,,,Санкт-Петербург,,,,sale,apartment,,https://spb.cian.ru/rent/flat/185343139/?context=3.hhKxSNM4tEA.vH3IuBd_Fe0eIfJGtI_RsSBYTZDdoAtU8zMpCpLuunYr6mmzjpRtmR6zdYiihpsx_i17_U1gPQ4mYA&mlSearchSessionGuid=b0cd18b8b0158160d49f19e8cb095952,cian,sale_apartment,2026-03-15T10:53:46.636276
cia_935b7c1a,"Студия, 20,7 м², 7/19 этаж",25000.0,,0.0,20.7,,,7.0,19.0,,Санкт-Петербург,,,,sale,studio,,https://spb.cian.ru/rent/flat/327805467/?context=3.96xLTCksaZw.Ykiu1hamJIHzm0b0qcwg9WvOhZUTVnHjLTz4W0IeuFu966dQV2CkC3C2j6r0-LP_NgJraa0giBEMqA&mlSearchSessionGuid=b0cd18b8b0158160d49f19e8cb095952,cian,sale_apartment,2026-03-15T10:53:46.637238
cia_e74584e9,Двухкомнатная квартира у Авроры,3399.0,,,,,,,,,Санкт-Петербург,,,,sale,apartment,,https://spb.cian.ru/rent/flat/286638204/?context=3.fY9e-5nsyNM.oJo3S0JTvRbLFElqrLGkIzS3Dvqz_4wrnqoroLH-mQxj9OoB20iCTmumzKY2TB6Mcivdg7DZC-P_6w&mlSearchSessionGuid=b0cd18b8b0158160d49f19e8cb095952,cian,sale_apartment,2026-03-15T10:53:46.638748
cia_b47a528e,Современная студия Малахит,2499.0,,0.0,,,,,,,Санкт-Петербург,,,,sale,studio,,https://spb.cian.ru/rent/flat/317644409/?context=3.gTwYvz9uTYk.pZb23FFonBLZsOdNvkTfrXErOHiXAeZixKcp7e2ket91MI85nCsorHDiq6-M2UsFiLh7k3N4drEMUw&mlSearchSessionGuid=b0cd18b8b0158160d49f19e8cb095952,cian,sale_apartment,2026-03-15T10:53:46.640286
